lactate, alanine, creatine, creatinine, choline_chloride
0.22709101743800042, 0.1515102870280003, 0.11802824755400021, 0.17649071481600032, 0.32687973316400054

