,Lactate,Alanine,Creatine,Creatinine,Choline chloride
0,0.3184065028416952,0.21074102842995854,0.1313242233468972,0.19858252519006975,0.14094572019137933
