lactate, alanine, creatine, creatinine, choline_chloride
0.22749747499800013, 0.15057183637400012, 0.11728689957200009, 0.1773559218180001, 0.32728786723800024
