,Lactate,Alanine,Creatine,Creatinine,Choline chloride
0,0.317963496481261,0.21253560007032826,0.13330572635483312,0.19672815908559507,0.13946701800798247
