,Lactate,Alanine,Creatine,Creatinine,Choline chloride
0,0.31646508240060195,0.2137121596665495,0.13409995643749736,0.19599749924714838,0.1397253022482028
