,Lactate,Alanine,Creatine,Creatinine,Choline chloride
0,0.2265471089679999,0.15298961754799995,0.11999727273699995,0.17538533193999992,0.32508066880599984
