,Lactate,Alanine,Creatine,Creatinine,Choline chloride
0,0.2277171004750003,0.15221241158600018,0.11933757262300015,0.17611442219200021,0.32461849312400043
