,Pinene,Benzyl benzoate
0,0.1198915056120005,0.8699715192880036
