pinene, benzyl_benzoate
0.11595997363200064, 0.8700029754190048
