pinene, benzyl_benzoate
0.11641497594500065, 0.8727030298990048
