,Pinene,Benzyl benzoate
0,0.09094784882652851,0.9090521511734716
