pinene, benzyl_benzoate
0.11683922786900065, 0.8716005466430049
