,Pinene,Benzyl benzoate
0,0.11641497594500048,0.8727030298990036
