,Pinene,Benzyl benzoate
0,0.0936759579726857,0.9063240420273143
