benzyl benzoate, m-Anisaldehyde
0.2809742568409993, 0.7106577614409981
