,Benzyl benzoate,m Anisaldehyde
0,0.37423451120488055,0.6257654887951195
