,Benzyl benzoate,m Anisaldehyde
0,0.43970247519399885,0.49015724289799867
