,Leucine,Isoleucine,Valine
0,0.4959813348122909,0.2519143664483214,0.2521042987393878
