,Leucine,Isoleucine,Valine
0,0.5097128645470007,0.2588887611900003,0.20726716149300028
