,Pinene,Benzyl benzoate
0,0.38886733988386857,0.6111326601161314
