,Pinene,Benzyl benzoate
0,0.39307158181939095,0.6069284181806092
