,Pinene,Benzyl benzoate
0,0.4621238178699999,0.5351622148919999
