,Benzyl benzoate,m Anisaldehyde
0,0.8387271188479724,0.16127288115202765
