benzyl_benzoate, m_anisaldehyde
0.8667581137730134, 0.12085119330700185
