benzyl_benzoate, m_anisaldehyde
0.9034339796259886, 0.09656602037401149
