benzyl_benzoate, m_anisaldehyde
0.8714114130920133, 0.11170500798200171
