,Benzyl benzoate,m Anisaldehyde
0,0.8714156283910132,0.1117055483350017
