,Lactate,Alanine,Creatine,Creatinine,Choline chloride
0,0.2274974749980003,0.1505718363740002,0.11728689957200016,0.17735592181800025,0.32728786723800046
