,Lactate,Alanine,Creatine,Creatinine,Choline chloride
0,0.31770096865088626,0.21196331538085228,0.13209747879635073,0.197528802988393,0.14070943418351764
