,Lactate,Alanine,Creatine,Creatinine,Choline chloride
0,0.2270910174379999,0.15151028702799996,0.11802824755399995,0.17649071481599993,0.3268797331639998
