,Leucine,Isoleucine,Valine
0,0.35760050199200016,0.34678520991000017,0.2781685029610001
