,Leucine,Isoleucine,Valine
0,0.36879836478300015,0.3548726638340002,0.2516100353060001
