,Leucine,Isoleucine,Valine
0,0.22939844807600077,0.4159316729120014,0.3408249925320011
