,Leucine,Isoleucine,Valine
0,0.2760733940553246,0.4778030690492222,0.24612353689545322
