,Leucine,Isoleucine,Valine
0,0.2547647935905127,0.2447922948190575,0.5004429115904299
