,Leucine,Isoleucine,Valine
0,0.249407417407738,0.3356890089545471,0.4149035736377149
