,Leucine,Isoleucine,Valine
0,0.35523425188310714,0.3418207272285805,0.3029450208883123
