,Leucine,Isoleucine,Valine
0,0.30426709683199976,0.2367289691549998,0.4387802437549997
