,Leucine,Isoleucine,Valine
0,0.2845305994410001,0.4924400415930002,0.20293060902600008
