,Leucine,Isoleucine,Valine
0,0.26781224573400086,0.36046092089300125,0.35641685070600115
