,Leucine,Isoleucine,Valine
0,0.33989330462546746,0.3296135501347345,0.33049314523979806
