,Leucine,Isoleucine,Valine
0,0.2792795708269786,0.21728792102823338,0.503432508144788
