,Leucine,Isoleucine,Valine
0,0.26581937872900013,0.5079367336720002,0.2085263626130001
