,Leucine,Isoleucine,Valine
0,0.2787340855069998,0.2678233341189998,0.4380212676789997
