,Leucine,Isoleucine,Valine
0,0.2569757967835955,0.4910381157127391,0.25198608750366547
