,Leucine,Isoleucine,Valine
0,0.21411864967956462,0.38822724787298696,0.3976541024474485
