,Leucine,Isoleucine,Valine
0,0.48537562654576666,0.2420120798884239,0.27261229356580946
