,Leucine,Isoleucine,Valine
0,0.5036591840480007,0.25112840451800034,0.2263050352420003
