benzyl_benzoate, cis_decahydronaftalene, ethyl_phenyl_propiolate, m_anisaldehyde
0.2265874057309997, 0.2331498272159997, 0.31813118530299955, 0.21170770608199974
