,Benzyl benzoate,m Anisaldehyde
0,0.8426017738618099,0.1573982261381901
