,Benzyl benzoate,m Anisaldehyde
0,0.860212730006013,0.10696332912100161
