,Benzyl benzoate,m Anisaldehyde
0,0.8753250370020133,0.10900729335600165
