,Benzyl benzoate,m Anisaldehyde
0,0.8428023518973299,0.15719764810267017
