,Pinene,Benzyl benzoate
0,0.4543065378329999,0.5354812576769999
