pinene, benzyl benzoate
0.39342865747865735, 0.6065713425213427
