pinene, benzyl benzoate
0.4543065378329999, 0.5354812576769999
