,Isopropyl myristate,Benzyl benzoate,Alpha pinene,Limonene
0,0.8598463181679992,0.042788339442999965,0.043603423231999956,0.033450937842999975
