,Isopropyl myristate,Benzyl benzoate,Alpha pinene,Limonene
0,0.7510752517981534,0.1058975029251,0.0809360745128863,0.0620911707638601
