,Benzyl benzoate,m Anisaldehyde
0,0.44299115059199884,0.4897025387529987
