,Benzyl benzoate,m Anisaldehyde
0,0.37619892753221956,0.6238010724677805
