,Isopropyl myristate,Benzyl benzoate,Alpha pinene,Limonene
0,0.8619606023069992,0.04356239454299996,0.044259091624999955,0.03308809988599997
