isopropyl_myristate, benzyl_benzoate, alpha_pinene, limonene
0.8680173052049979, 0.038790090827999904, 0.026519044678999935, 0.04498264759199989
