,Isopropyl myristate,Benzyl benzoate,Alpha pinene,Limonene
0,0.7496938254002201,0.10735096013652845,0.08180087488116186,0.0611543395820897
