isopropyl_myristate, benzyl_benzoate, alpha_pinene, limonene
0.8619606023069997, 0.04356239454299999, 0.04425909162499998, 0.033088099885999984
