,Lactate,Alanine,Creatine,Creatinine,Choline chloride
0,0.2147787636609987,0.1514447914439991,0.11514143271199932,0.17965840774699895,0.3251422482269981
