,Lactate,Alanine,Creatine,Creatinine,Choline chloride
0,0.31795556826868365,0.21132032993000507,0.12926863295364446,0.20180371234157862,0.13965175650608827
