,Lactate,Alanine,Creatine,Creatinine,Choline chloride
0,0.22760135099199866,0.1512689110809991,0.11566755876199931,0.18057081770199895,0.3248913614639981
