pinene, limonene
0.4998192564689988, 0.4913159499439988
