pinene, limonene
0.49231172099699877, 0.4825347749439988
