pinene, limonene
0.5067567031879945, 0.4780044166179948
