,Pinene,Limonene
0,0.5042896914937994,0.4957103085062007
