,Pinene,Limonene
0,0.5240252052485562,0.4759747947514438
