,Pinene,Limonene
0,0.5220986536939983,0.47422489804499846
