,Pinene,Limonene
0,0.4998192675699984,0.49131593903999843
