lactate, alanine, creatine, creatinine, choline_chloride
0.21477883526899894, 0.15144476939899926, 0.11514131190999943, 0.1796583498019991, 0.32514237161499837
