,Lactate,Alanine,Creatine,Creatinine,Choline chloride
0,0.3059059426202505,0.21570038346401188,0.1311952742739669,0.20470766712576569,0.14249073251600508
