lactate, alanine, creatine, creatinine, choline_chloride
0.2276933530719989, 0.15070816371299925, 0.11570424221499943, 0.18051160003299913, 0.32538264096699837
